member_id,currency_amt,is_admin,last_daily_time
173537982681317376,635,True,1548549844.557285
152919778141536257,100,False,-1
150849994046439424,125,False,1548550058.7962427
155464857892683779,2825,,1548550291.1391373
